{"cameraMode":{"drawMode":0,"name":"Shaded","section":"Shading Mode"},"sceneLighting":true,"audioPlay":false,"sceneViewState":{"m_AlwaysRefresh":false,"showFog":true,"showSkybox":true,"showFlares":true,"showImageEffects":true,"showParticleSystems":true,"showVisualEffectGraphs":true,"m_FxEnabled":true},"in2DMode":false,"pivot":{"x":-45.32217025756836,"y":-11.434900283813477,"z":72.30354309082031},"rotation":{"x":-0.14904887974262238,"y":0.35193443298339846,"z":-0.056868646293878558,"w":-0.9223493933677673},"size":39.138572692871097,"orthographic":false}